12/7/2017 11:47:17,ACCT04\paliderd,BEGIN - RPM.Web.Controllers.HomeController.RetrieveProposalData ,0
12/7/2017 11:47:17,ACCT04\paliderd,BEGIN - RPM.DataBridge.DataLoaders.ProposalDataMVDataLoader.GetLoBs ,0
12/7/2017 11:47:19,ACCT04\paliderd,RPM.DataBridge.DataLoaders.ProposalDataMVDataLoader.GetLoBs ,1790
12/7/2017 11:47:19,ACCT04\paliderd,BEGIN - RPM.DataBridge.DataLoaders.ProposalDataMVDataLoader.GetProgramAreas ,0
12/7/2017 11:47:19,ACCT04\paliderd,RPM.DataBridge.DataLoaders.ProposalDataMVDataLoader.GetProgramAreas ,128
12/7/2017 11:47:19,ACCT04\paliderd,BEGIN - RPM.DataBridge.DataLoaders.ProposalDataMVDataLoader.GetProposalModelView ,0
12/7/2017 11:47:21,ACCT04\paliderd,RPM.DataBridge.DataLoaders.ProposalDataMVDataLoader.GetProposalModelView ,2261
12/7/2017 11:47:21,ACCT04\paliderd,RPM.Web.Controllers.HomeController.RetrieveProposalData ,4635
3/15/2018 7:11:29,ACCT04\paliderd,BEGIN - RPM.Web.Controllers.HomeController.RetrieveProposalData ,0
3/15/2018 7:11:29,ACCT04\paliderd,BEGIN - RPM.DataBridge.DataLoaders.ProposalDataMVDataLoader.GetLoBs ,0
3/15/2018 7:11:30,ACCT04\paliderd,RPM.DataBridge.DataLoaders.ProposalDataMVDataLoader.GetLoBs ,1693
3/15/2018 7:11:30,ACCT04\paliderd,BEGIN - RPM.DataBridge.DataLoaders.ProposalDataMVDataLoader.GetProgramAreas ,0
3/15/2018 7:11:31,ACCT04\paliderd,RPM.DataBridge.DataLoaders.ProposalDataMVDataLoader.GetProgramAreas ,83
3/15/2018 7:11:31,ACCT04\paliderd,BEGIN - RPM.DataBridge.DataLoaders.ProposalDataMVDataLoader.GetProposalModelView ,0
3/15/2018 7:11:32,ACCT04\paliderd,RPM.DataBridge.DataLoaders.ProposalDataMVDataLoader.GetProposalModelView ,1855
3/15/2018 7:11:32,ACCT04\paliderd,RPM.Web.Controllers.HomeController.RetrieveProposalData ,3904
5/9/2019 10:53:18,ACCT04\paliderd,BEGIN - RPM.Web.Controllers.HomeController.RetrieveProposalData ,0
5/9/2019 10:53:18,ACCT04\paliderd,BEGIN - RPM.DataBridge.DataLoaders.ProposalDataMVDataLoader.GetLoBs ,0
5/9/2019 10:53:20,ACCT04\paliderd,RPM.DataBridge.DataLoaders.ProposalDataMVDataLoader.GetLoBs ,1750
5/9/2019 10:53:20,ACCT04\paliderd,BEGIN - RPM.DataBridge.DataLoaders.ProposalDataMVDataLoader.GetContractTypes ,0
5/9/2019 10:53:20,ACCT04\paliderd,RPM.DataBridge.DataLoaders.ProposalDataMVDataLoader.GetContractTypes ,121
5/9/2019 10:53:20,ACCT04\paliderd,BEGIN - RPM.DataBridge.DataLoaders.ProposalDataMVDataLoader.GetProgramAreas ,0
5/9/2019 10:53:20,ACCT04\paliderd,RPM.DataBridge.DataLoaders.ProposalDataMVDataLoader.GetProgramAreas ,126
5/9/2019 10:53:20,ACCT04\paliderd,BEGIN - RPM.DataBridge.DataLoaders.ProposalDataMVDataLoader.GetProposalModelView ,0
5/9/2019 10:53:26,ACCT04\paliderd,RPM.DataBridge.DataLoaders.ProposalDataMVDataLoader.GetProposalModelView ,5977
5/9/2019 10:53:26,ACCT04\paliderd,RPM.Web.Controllers.HomeController.RetrieveProposalData ,8586
5/9/2019 10:59:52,ACCT04\paliderd,BEGIN - RPM.Web.Controllers.HomeController.RetrieveProposalData ,0
5/9/2019 10:59:52,ACCT04\paliderd,BEGIN - RPM.DataBridge.DataLoaders.ProposalDataMVDataLoader.GetLoBs ,0
5/9/2019 10:59:53,ACCT04\paliderd,RPM.DataBridge.DataLoaders.ProposalDataMVDataLoader.GetLoBs ,704
5/9/2019 10:59:53,ACCT04\paliderd,BEGIN - RPM.DataBridge.DataLoaders.ProposalDataMVDataLoader.GetContractTypes ,0
5/9/2019 10:59:53,ACCT04\paliderd,RPM.DataBridge.DataLoaders.ProposalDataMVDataLoader.GetContractTypes ,86
5/9/2019 10:59:53,ACCT04\paliderd,BEGIN - RPM.DataBridge.DataLoaders.ProposalDataMVDataLoader.GetProgramAreas ,0
5/9/2019 10:59:53,ACCT04\paliderd,RPM.DataBridge.DataLoaders.ProposalDataMVDataLoader.GetProgramAreas ,130
5/9/2019 10:59:53,ACCT04\paliderd,BEGIN - RPM.DataBridge.DataLoaders.ProposalDataMVDataLoader.GetProposalModelView ,0
5/9/2019 10:59:55,ACCT04\paliderd,RPM.DataBridge.DataLoaders.ProposalDataMVDataLoader.GetProposalModelView ,1684
5/9/2019 10:59:55,ACCT04\paliderd,RPM.Web.Controllers.HomeController.RetrieveProposalData ,2614
5/9/2019 10:59:56,ACCT04\paliderd,BEGIN - RPM.Web.Controllers.HomeController.RetrieveOpportunityData ,0
5/9/2019 10:59:56,ACCT04\paliderd,BEGIN - RPM.DataBridge.DataLoaders.OTISOpportunityDataMVDataLoader.GetTestOTISOppCollection ,0
5/9/2019 11:00:39,ACCT04\paliderd,RPM.DataBridge.DataLoaders.OTISOpportunityDataMVDataLoader.GetTestOTISOppCollection ,42977
5/9/2019 11:00:39,ACCT04\paliderd,Finished RetrieveOpportunityData().,42980
5/9/2019 11:00:39,ACCT04\paliderd,RPM.Web.Controllers.HomeController.RetrieveOpportunityData ,42980
5/9/2019 11:00:40,ACCT04\paliderd,BEGIN - RPM.Web.Controllers.HomeController.RetrieveOpportunityData ,0
5/9/2019 11:00:40,ACCT04\paliderd,BEGIN - RPM.DataBridge.DataLoaders.OTISOpportunityDataMVDataLoader.GetTestOTISOppCollection ,0
5/9/2019 11:01:15,ACCT04\paliderd,RPM.DataBridge.DataLoaders.OTISOpportunityDataMVDataLoader.GetTestOTISOppCollection ,35120
5/9/2019 11:01:15,ACCT04\paliderd,Finished RetrieveOpportunityData().,35120
5/9/2019 11:01:15,ACCT04\paliderd,RPM.Web.Controllers.HomeController.RetrieveOpportunityData ,35120
5/9/2019 12:00:33,ACCT04\paliderd,BEGIN - RPM.Web.Controllers.HomeController.RetrieveMetricsData ,0
5/9/2019 12:00:33,ACCT04\paliderd,BEGIN - RPM.DataBridge.DataLoaders.ProposalDataMVDataLoader.GetLoBShortNames ,0
5/9/2019 12:00:33,ACCT04\paliderd,RPM.DataBridge.DataLoaders.ProposalDataMVDataLoader.GetLoBShortNames ,841
5/9/2019 12:00:33,ACCT04\paliderd,BEGIN - RPM.DataBridge.DataLoaders.ProposalDataMVDataLoader.GetProgramAreaShortNames ,0
5/9/2019 12:00:34,ACCT04\paliderd,RPM.DataBridge.DataLoaders.ProposalDataMVDataLoader.GetProgramAreaShortNames ,85
5/9/2019 12:00:34,ACCT04\paliderd,BEGIN - RPM.DataBridge.DataLoaders.ProposalDataMVDataLoader.GetMetricsModelView ,0
5/9/2019 12:00:34,ACCT04\paliderd,RPM.DataBridge.DataLoaders.ProposalDataMVDataLoader.GetMetricsModelView ,683
5/9/2019 12:00:34,ACCT04\paliderd,RPM.Web.Controllers.HomeController.RetrieveMetricsData ,1616
1/16/2023 3:49:29 PM,US\e436851,BEGIN - RPM.Web.Controllers.HomeController.RetrieveProposalData ,0
1/16/2023 3:49:29 PM,US\e436851,BEGIN - RPM.DataBridge.DataLoaders.ProposalDataMVDataLoader.GetLoBs ,0
1/16/2023 3:49:32 PM,US\e436851,RPM.DataBridge.DataLoaders.ProposalDataMVDataLoader.GetLoBs ,3017
1/16/2023 3:49:32 PM,US\e436851,BEGIN - RPM.DataBridge.DataLoaders.ProposalDataMVDataLoader.GetContractTypes ,0
1/16/2023 3:49:32 PM,US\e436851,RPM.DataBridge.DataLoaders.ProposalDataMVDataLoader.GetContractTypes ,60
1/16/2023 3:49:32 PM,US\e436851,BEGIN - RPM.DataBridge.DataLoaders.ProposalDataMVDataLoader.GetProgramAreas ,0
1/16/2023 3:49:33 PM,US\e436851,RPM.DataBridge.DataLoaders.ProposalDataMVDataLoader.GetProgramAreas ,388
1/16/2023 3:49:33 PM,US\e436851,BEGIN - RPM.DataBridge.DataLoaders.ProposalDataMVDataLoader.GetProposalModelView ,0
1/16/2023 3:49:33 PM,US\e436851,RPM.DataBridge.DataLoaders.ProposalDataMVDataLoader.GetProposalModelView ,160
1/16/2023 3:49:33 PM,US\e436851,RPM.Web.Controllers.HomeController.RetrieveProposalData ,3833
1/16/2023 4:23:23 PM,US\e436851,BEGIN - RPM.Web.Controllers.HomeController.RetrieveProposalData ,0
1/16/2023 4:23:23 PM,US\e436851,BEGIN - RPM.DataBridge.DataLoaders.ProposalDataMVDataLoader.GetLoBs ,0
1/16/2023 4:23:27 PM,US\e436851,RPM.DataBridge.DataLoaders.ProposalDataMVDataLoader.GetLoBs ,3481
1/16/2023 4:23:27 PM,US\e436851,BEGIN - RPM.DataBridge.DataLoaders.ProposalDataMVDataLoader.GetContractTypes ,0
1/16/2023 4:23:27 PM,US\e436851,RPM.DataBridge.DataLoaders.ProposalDataMVDataLoader.GetContractTypes ,79
1/16/2023 4:23:27 PM,US\e436851,BEGIN - RPM.DataBridge.DataLoaders.ProposalDataMVDataLoader.GetProgramAreas ,0
1/16/2023 4:23:27 PM,US\e436851,RPM.DataBridge.DataLoaders.ProposalDataMVDataLoader.GetProgramAreas ,135
1/16/2023 4:23:27 PM,US\e436851,BEGIN - RPM.DataBridge.DataLoaders.ProposalDataMVDataLoader.GetProposalModelView ,0
1/16/2023 4:23:27 PM,US\e436851,RPM.DataBridge.DataLoaders.ProposalDataMVDataLoader.GetProposalModelView ,131
1/16/2023 4:23:27 PM,US\e436851,RPM.Web.Controllers.HomeController.RetrieveProposalData ,4351
1/16/2023 4:26:45 PM,US\e436851,BEGIN - RPM.Web.Controllers.HomeController.RetrieveProposalData ,0
1/16/2023 4:26:45 PM,US\e436851,BEGIN - RPM.DataBridge.DataLoaders.ProposalDataMVDataLoader.GetLoBs ,0
1/16/2023 4:26:47 PM,US\e436851,RPM.DataBridge.DataLoaders.ProposalDataMVDataLoader.GetLoBs ,2180
1/16/2023 4:26:47 PM,US\e436851,BEGIN - RPM.DataBridge.DataLoaders.ProposalDataMVDataLoader.GetContractTypes ,0
1/16/2023 4:26:47 PM,US\e436851,RPM.DataBridge.DataLoaders.ProposalDataMVDataLoader.GetContractTypes ,62
1/16/2023 4:26:47 PM,US\e436851,BEGIN - RPM.DataBridge.DataLoaders.ProposalDataMVDataLoader.GetProgramAreas ,0
1/16/2023 4:26:47 PM,US\e436851,RPM.DataBridge.DataLoaders.ProposalDataMVDataLoader.GetProgramAreas ,157
1/16/2023 4:26:47 PM,US\e436851,BEGIN - RPM.DataBridge.DataLoaders.ProposalDataMVDataLoader.GetProposalModelView ,0
1/16/2023 4:26:47 PM,US\e436851,RPM.DataBridge.DataLoaders.ProposalDataMVDataLoader.GetProposalModelView ,135
1/16/2023 4:26:47 PM,US\e436851,RPM.Web.Controllers.HomeController.RetrieveProposalData ,2775
1/16/2023 4:33:30 PM,US\e436851,BEGIN - RPM.Web.Controllers.HomeController.RetrieveProposalData ,0
1/16/2023 4:33:30 PM,US\e436851,BEGIN - RPM.DataBridge.DataLoaders.ProposalDataMVDataLoader.GetLoBs ,0
1/16/2023 4:33:32 PM,US\e436851,RPM.DataBridge.DataLoaders.ProposalDataMVDataLoader.GetLoBs ,2146
1/16/2023 4:33:32 PM,US\e436851,BEGIN - RPM.DataBridge.DataLoaders.ProposalDataMVDataLoader.GetContractTypes ,0
1/16/2023 4:33:32 PM,US\e436851,RPM.DataBridge.DataLoaders.ProposalDataMVDataLoader.GetContractTypes ,64
1/16/2023 4:33:32 PM,US\e436851,BEGIN - RPM.DataBridge.DataLoaders.ProposalDataMVDataLoader.GetProgramAreas ,0
1/16/2023 4:33:32 PM,US\e436851,RPM.DataBridge.DataLoaders.ProposalDataMVDataLoader.GetProgramAreas ,144
1/16/2023 4:33:33 PM,US\e436851,BEGIN - RPM.DataBridge.DataLoaders.ProposalDataMVDataLoader.GetProposalModelView ,0
1/16/2023 4:33:33 PM,US\e436851,RPM.DataBridge.DataLoaders.ProposalDataMVDataLoader.GetProposalModelView ,135
1/16/2023 4:33:33 PM,US\e436851,RPM.Web.Controllers.HomeController.RetrieveProposalData ,2703
1/16/2023 4:35:38 PM,US\e436851,BEGIN - RPM.Web.Controllers.HomeController.RetrieveProposalData ,0
1/16/2023 4:35:39 PM,US\e436851,BEGIN - RPM.DataBridge.DataLoaders.ProposalDataMVDataLoader.GetLoBs ,0
1/16/2023 4:35:42 PM,US\e436851,RPM.DataBridge.DataLoaders.ProposalDataMVDataLoader.GetLoBs ,3211
1/16/2023 4:35:42 PM,US\e436851,BEGIN - RPM.DataBridge.DataLoaders.ProposalDataMVDataLoader.GetContractTypes ,0
1/16/2023 4:35:42 PM,US\e436851,RPM.DataBridge.DataLoaders.ProposalDataMVDataLoader.GetContractTypes ,63
1/16/2023 4:35:42 PM,US\e436851,BEGIN - RPM.DataBridge.DataLoaders.ProposalDataMVDataLoader.GetProgramAreas ,0
1/16/2023 4:35:42 PM,US\e436851,RPM.DataBridge.DataLoaders.ProposalDataMVDataLoader.GetProgramAreas ,136
1/16/2023 4:35:42 PM,US\e436851,BEGIN - RPM.DataBridge.DataLoaders.ProposalDataMVDataLoader.GetProposalModelView ,0
1/16/2023 4:35:42 PM,US\e436851,RPM.DataBridge.DataLoaders.ProposalDataMVDataLoader.GetProposalModelView ,130
1/16/2023 4:35:42 PM,US\e436851,RPM.Web.Controllers.HomeController.RetrieveProposalData ,4027
1/16/2023 4:41:04 PM,US\e436851,BEGIN - RPM.Web.Controllers.HomeController.RetrieveProposalData ,0
1/16/2023 4:41:04 PM,US\e436851,BEGIN - RPM.DataBridge.DataLoaders.ProposalDataMVDataLoader.GetLoBs ,0
1/16/2023 4:41:08 PM,US\e436851,RPM.DataBridge.DataLoaders.ProposalDataMVDataLoader.GetLoBs ,3956
1/16/2023 4:41:08 PM,US\e436851,BEGIN - RPM.DataBridge.DataLoaders.ProposalDataMVDataLoader.GetContractTypes ,0
1/16/2023 4:41:08 PM,US\e436851,RPM.DataBridge.DataLoaders.ProposalDataMVDataLoader.GetContractTypes ,63
1/16/2023 4:41:08 PM,US\e436851,BEGIN - RPM.DataBridge.DataLoaders.ProposalDataMVDataLoader.GetProgramAreas ,0
1/16/2023 4:41:09 PM,US\e436851,RPM.DataBridge.DataLoaders.ProposalDataMVDataLoader.GetProgramAreas ,143
1/16/2023 4:41:09 PM,US\e436851,BEGIN - RPM.DataBridge.DataLoaders.ProposalDataMVDataLoader.GetProposalModelView ,0
1/16/2023 4:41:09 PM,US\e436851,RPM.DataBridge.DataLoaders.ProposalDataMVDataLoader.GetProposalModelView ,140
1/16/2023 4:41:09 PM,US\e436851,RPM.Web.Controllers.HomeController.RetrieveProposalData ,4766
1/16/2023 4:44:48 PM,US\e436851,BEGIN - RPM.Web.Controllers.HomeController.RetrieveProposalData ,0
1/16/2023 4:44:48 PM,US\e436851,BEGIN - RPM.DataBridge.DataLoaders.ProposalDataMVDataLoader.GetLoBs ,0
1/16/2023 4:44:51 PM,US\e436851,RPM.DataBridge.DataLoaders.ProposalDataMVDataLoader.GetLoBs ,3146
1/16/2023 4:44:51 PM,US\e436851,BEGIN - RPM.DataBridge.DataLoaders.ProposalDataMVDataLoader.GetContractTypes ,0
1/16/2023 4:44:51 PM,US\e436851,RPM.DataBridge.DataLoaders.ProposalDataMVDataLoader.GetContractTypes ,58
1/16/2023 4:44:51 PM,US\e436851,BEGIN - RPM.DataBridge.DataLoaders.ProposalDataMVDataLoader.GetProgramAreas ,0
1/16/2023 4:44:51 PM,US\e436851,RPM.DataBridge.DataLoaders.ProposalDataMVDataLoader.GetProgramAreas ,164
1/16/2023 4:44:51 PM,US\e436851,BEGIN - RPM.DataBridge.DataLoaders.ProposalDataMVDataLoader.GetProposalModelView ,0
1/16/2023 4:44:52 PM,US\e436851,RPM.DataBridge.DataLoaders.ProposalDataMVDataLoader.GetProposalModelView ,200
1/16/2023 4:44:52 PM,US\e436851,RPM.Web.Controllers.HomeController.RetrieveProposalData ,4052
1/16/2023 4:50:43 PM,US\e436851,BEGIN - RPM.Web.Controllers.HomeController.RetrieveProposalData ,0
1/16/2023 4:50:43 PM,US\e436851,BEGIN - RPM.DataBridge.DataLoaders.ProposalDataMVDataLoader.GetLoBs ,0
1/16/2023 4:50:46 PM,US\e436851,RPM.DataBridge.DataLoaders.ProposalDataMVDataLoader.GetLoBs ,2327
1/16/2023 4:50:46 PM,US\e436851,BEGIN - RPM.DataBridge.DataLoaders.ProposalDataMVDataLoader.GetContractTypes ,0
1/16/2023 4:50:46 PM,US\e436851,RPM.DataBridge.DataLoaders.ProposalDataMVDataLoader.GetContractTypes ,60
1/16/2023 4:50:46 PM,US\e436851,BEGIN - RPM.DataBridge.DataLoaders.ProposalDataMVDataLoader.GetProgramAreas ,0
1/16/2023 4:50:46 PM,US\e436851,RPM.DataBridge.DataLoaders.ProposalDataMVDataLoader.GetProgramAreas ,197
1/16/2023 4:50:46 PM,US\e436851,BEGIN - RPM.DataBridge.DataLoaders.ProposalDataMVDataLoader.GetProposalModelView ,0
1/16/2023 4:50:46 PM,US\e436851,RPM.DataBridge.DataLoaders.ProposalDataMVDataLoader.GetProposalModelView ,140
1/16/2023 4:50:46 PM,US\e436851,RPM.Web.Controllers.HomeController.RetrieveProposalData ,2960
1/16/2023 4:52:54 PM,US\e436851,BEGIN - RPM.Web.Controllers.HomeController.RetrieveProposalData ,0
1/16/2023 4:52:54 PM,US\e436851,BEGIN - RPM.DataBridge.DataLoaders.ProposalDataMVDataLoader.GetLoBs ,0
1/16/2023 4:52:54 PM,US\e436851,RPM.DataBridge.DataLoaders.ProposalDataMVDataLoader.GetLoBs ,56
1/16/2023 4:52:54 PM,US\e436851,BEGIN - RPM.DataBridge.DataLoaders.ProposalDataMVDataLoader.GetContractTypes ,0
1/16/2023 4:52:55 PM,US\e436851,RPM.DataBridge.DataLoaders.ProposalDataMVDataLoader.GetContractTypes ,59
1/16/2023 4:52:55 PM,US\e436851,BEGIN - RPM.DataBridge.DataLoaders.ProposalDataMVDataLoader.GetProgramAreas ,0
1/16/2023 4:52:55 PM,US\e436851,RPM.DataBridge.DataLoaders.ProposalDataMVDataLoader.GetProgramAreas ,59
1/16/2023 4:52:55 PM,US\e436851,BEGIN - RPM.DataBridge.DataLoaders.ProposalDataMVDataLoader.GetProposalModelView ,0
1/16/2023 4:52:55 PM,US\e436851,RPM.DataBridge.DataLoaders.ProposalDataMVDataLoader.GetProposalModelView ,98
1/16/2023 4:52:55 PM,US\e436851,RPM.Web.Controllers.HomeController.RetrieveProposalData ,275
1/17/2023 9:32:54 AM,US\e436851,BEGIN - RPM.Web.Controllers.HomeController.RetrieveProposalData ,0
1/17/2023 9:32:54 AM,US\e436851,BEGIN - RPM.DataBridge.DataLoaders.ProposalDataMVDataLoader.GetLoBs ,0
1/17/2023 9:32:56 AM,US\e436851,RPM.DataBridge.DataLoaders.ProposalDataMVDataLoader.GetLoBs ,2153
1/17/2023 9:32:56 AM,US\e436851,BEGIN - RPM.DataBridge.DataLoaders.ProposalDataMVDataLoader.GetContractTypes ,0
1/17/2023 9:32:57 AM,US\e436851,RPM.DataBridge.DataLoaders.ProposalDataMVDataLoader.GetContractTypes ,55
1/17/2023 9:32:57 AM,US\e436851,BEGIN - RPM.DataBridge.DataLoaders.ProposalDataMVDataLoader.GetProgramAreas ,0
1/17/2023 9:32:57 AM,US\e436851,RPM.DataBridge.DataLoaders.ProposalDataMVDataLoader.GetProgramAreas ,138
1/17/2023 9:32:57 AM,US\e436851,BEGIN - RPM.DataBridge.DataLoaders.ProposalDataMVDataLoader.GetProposalModelView ,0
1/17/2023 9:32:57 AM,US\e436851,RPM.DataBridge.DataLoaders.ProposalDataMVDataLoader.GetProposalModelView ,138
1/17/2023 9:32:57 AM,US\e436851,RPM.Web.Controllers.HomeController.RetrieveProposalData ,2695
1/17/2023 9:36:34 AM,US\e436851,BEGIN - RPM.Web.Controllers.HomeController.RetrieveProposalData ,0
1/17/2023 9:36:34 AM,US\e436851,BEGIN - RPM.DataBridge.DataLoaders.ProposalDataMVDataLoader.GetLoBs ,0
1/17/2023 9:36:37 AM,US\e436851,RPM.DataBridge.DataLoaders.ProposalDataMVDataLoader.GetLoBs ,2723
1/17/2023 9:36:37 AM,US\e436851,BEGIN - RPM.DataBridge.DataLoaders.ProposalDataMVDataLoader.GetContractTypes ,0
1/17/2023 9:36:37 AM,US\e436851,RPM.DataBridge.DataLoaders.ProposalDataMVDataLoader.GetContractTypes ,56
1/17/2023 9:36:37 AM,US\e436851,BEGIN - RPM.DataBridge.DataLoaders.ProposalDataMVDataLoader.GetProgramAreas ,0
1/17/2023 9:36:37 AM,US\e436851,RPM.DataBridge.DataLoaders.ProposalDataMVDataLoader.GetProgramAreas ,139
1/17/2023 9:36:37 AM,US\e436851,BEGIN - RPM.DataBridge.DataLoaders.ProposalDataMVDataLoader.GetProposalModelView ,0
1/17/2023 9:36:38 AM,US\e436851,RPM.DataBridge.DataLoaders.ProposalDataMVDataLoader.GetProposalModelView ,136
1/17/2023 9:36:38 AM,US\e436851,RPM.Web.Controllers.HomeController.RetrieveProposalData ,3282
1/17/2023 9:36:53 AM,US\e436851,BEGIN - RPM.Web.Controllers.HomeController.RetrieveProposalData ,0
1/17/2023 9:36:53 AM,US\e436851,BEGIN - RPM.DataBridge.DataLoaders.ProposalDataMVDataLoader.GetLoBs ,0
1/17/2023 9:36:53 AM,US\e436851,RPM.DataBridge.DataLoaders.ProposalDataMVDataLoader.GetLoBs ,66
1/17/2023 9:36:53 AM,US\e436851,BEGIN - RPM.DataBridge.DataLoaders.ProposalDataMVDataLoader.GetContractTypes ,0
1/17/2023 9:36:53 AM,US\e436851,RPM.DataBridge.DataLoaders.ProposalDataMVDataLoader.GetContractTypes ,68
1/17/2023 9:36:53 AM,US\e436851,BEGIN - RPM.DataBridge.DataLoaders.ProposalDataMVDataLoader.GetProgramAreas ,0
1/17/2023 9:36:53 AM,US\e436851,RPM.DataBridge.DataLoaders.ProposalDataMVDataLoader.GetProgramAreas ,57
1/17/2023 9:36:53 AM,US\e436851,BEGIN - RPM.DataBridge.DataLoaders.ProposalDataMVDataLoader.GetProposalModelView ,0
1/17/2023 9:36:53 AM,US\e436851,RPM.DataBridge.DataLoaders.ProposalDataMVDataLoader.GetProposalModelView ,89
1/17/2023 9:36:53 AM,US\e436851,RPM.Web.Controllers.HomeController.RetrieveProposalData ,282
1/17/2023 9:38:34 AM,US\e436851,BEGIN - RPM.Web.Controllers.HomeController.RetrieveProposalData ,0
1/17/2023 9:38:34 AM,US\e436851,BEGIN - RPM.DataBridge.DataLoaders.ProposalDataMVDataLoader.GetLoBs ,0
1/17/2023 9:38:37 AM,US\e436851,RPM.DataBridge.DataLoaders.ProposalDataMVDataLoader.GetLoBs ,2182
1/17/2023 9:38:37 AM,US\e436851,BEGIN - RPM.DataBridge.DataLoaders.ProposalDataMVDataLoader.GetContractTypes ,0
1/17/2023 9:38:37 AM,US\e436851,RPM.DataBridge.DataLoaders.ProposalDataMVDataLoader.GetContractTypes ,59
1/17/2023 9:38:37 AM,US\e436851,BEGIN - RPM.DataBridge.DataLoaders.ProposalDataMVDataLoader.GetProgramAreas ,0
1/17/2023 9:38:37 AM,US\e436851,RPM.DataBridge.DataLoaders.ProposalDataMVDataLoader.GetProgramAreas ,155
1/17/2023 9:38:37 AM,US\e436851,BEGIN - RPM.DataBridge.DataLoaders.ProposalDataMVDataLoader.GetProposalModelView ,0
1/17/2023 9:38:37 AM,US\e436851,RPM.DataBridge.DataLoaders.ProposalDataMVDataLoader.GetProposalModelView ,130
1/17/2023 9:38:37 AM,US\e436851,RPM.Web.Controllers.HomeController.RetrieveProposalData ,2740
1/17/2023 9:38:48 AM,US\e436851,BEGIN - RPM.Web.Controllers.HomeController.RetrieveProposalData ,0
1/17/2023 9:38:48 AM,US\e436851,BEGIN - RPM.DataBridge.DataLoaders.ProposalDataMVDataLoader.GetLoBs ,0
1/17/2023 9:38:48 AM,US\e436851,RPM.DataBridge.DataLoaders.ProposalDataMVDataLoader.GetLoBs ,53
1/17/2023 9:38:48 AM,US\e436851,BEGIN - RPM.DataBridge.DataLoaders.ProposalDataMVDataLoader.GetContractTypes ,0
1/17/2023 9:38:48 AM,US\e436851,RPM.DataBridge.DataLoaders.ProposalDataMVDataLoader.GetContractTypes ,54
1/17/2023 9:38:48 AM,US\e436851,BEGIN - RPM.DataBridge.DataLoaders.ProposalDataMVDataLoader.GetProgramAreas ,0
1/17/2023 9:38:48 AM,US\e436851,RPM.DataBridge.DataLoaders.ProposalDataMVDataLoader.GetProgramAreas ,55
1/17/2023 9:38:48 AM,US\e436851,BEGIN - RPM.DataBridge.DataLoaders.ProposalDataMVDataLoader.GetProposalModelView ,0
1/17/2023 9:38:48 AM,US\e436851,RPM.DataBridge.DataLoaders.ProposalDataMVDataLoader.GetProposalModelView ,92
1/17/2023 9:38:48 AM,US\e436851,RPM.Web.Controllers.HomeController.RetrieveProposalData ,256
1/17/2023 9:47:45 AM,US\e436851,BEGIN - RPM.Web.Controllers.HomeController.RetrieveProposalData ,0
1/17/2023 9:47:45 AM,US\e436851,BEGIN - RPM.DataBridge.DataLoaders.ProposalDataMVDataLoader.GetLoBs ,0
1/17/2023 3:31:53 PM,US\e436851,BEGIN - RPM.Web.Controllers.HomeController.RetrieveProposalData ,0
1/17/2023 3:31:53 PM,US\e436851,BEGIN - RPM.DataBridge.DataLoaders.ProposalDataMVDataLoader.GetLoBs ,0
1/17/2023 3:31:55 PM,US\e436851,RPM.DataBridge.DataLoaders.ProposalDataMVDataLoader.GetLoBs ,2135
1/17/2023 3:31:55 PM,US\e436851,BEGIN - RPM.DataBridge.DataLoaders.ProposalDataMVDataLoader.GetContractTypes ,0
1/17/2023 3:31:55 PM,US\e436851,RPM.DataBridge.DataLoaders.ProposalDataMVDataLoader.GetContractTypes ,69
1/17/2023 3:31:56 PM,US\e436851,BEGIN - RPM.DataBridge.DataLoaders.ProposalDataMVDataLoader.GetProgramAreas ,0
1/17/2023 3:31:56 PM,US\e436851,RPM.DataBridge.DataLoaders.ProposalDataMVDataLoader.GetProgramAreas ,390
1/17/2023 3:31:56 PM,US\e436851,BEGIN - RPM.DataBridge.DataLoaders.ProposalDataMVDataLoader.GetProposalModelView ,0
1/17/2023 3:31:56 PM,US\e436851,RPM.DataBridge.DataLoaders.ProposalDataMVDataLoader.GetProposalModelView ,143
1/17/2023 3:31:56 PM,US\e436851,RPM.Web.Controllers.HomeController.RetrieveProposalData ,2979
1/18/2023 11:59:25 AM,US\e436851,BEGIN - RPM.Web.Controllers.HomeController.RetrieveProposalData ,0
1/18/2023 11:59:25 AM,US\e436851,BEGIN - RPM.DataBridge.DataLoaders.ProposalDataMVDataLoader.GetLoBs ,0
1/18/2023 11:59:27 AM,US\e436851,RPM.DataBridge.DataLoaders.ProposalDataMVDataLoader.GetLoBs ,2332
1/18/2023 11:59:27 AM,US\e436851,BEGIN - RPM.DataBridge.DataLoaders.ProposalDataMVDataLoader.GetContractTypes ,0
1/18/2023 11:59:27 AM,US\e436851,RPM.DataBridge.DataLoaders.ProposalDataMVDataLoader.GetContractTypes ,62
1/18/2023 11:59:27 AM,US\e436851,BEGIN - RPM.DataBridge.DataLoaders.ProposalDataMVDataLoader.GetProgramAreas ,0
1/18/2023 11:59:27 AM,US\e436851,RPM.DataBridge.DataLoaders.ProposalDataMVDataLoader.GetProgramAreas ,145
1/18/2023 11:59:27 AM,US\e436851,BEGIN - RPM.DataBridge.DataLoaders.ProposalDataMVDataLoader.GetProposalModelView ,0
1/18/2023 11:59:27 AM,US\e436851,RPM.DataBridge.DataLoaders.ProposalDataMVDataLoader.GetProposalModelView ,144
1/18/2023 11:59:27 AM,US\e436851,RPM.Web.Controllers.HomeController.RetrieveProposalData ,2899
1/18/2023 7:56:00 PM,US\e436851,BEGIN - RPM.Web.Controllers.HomeController.RetrieveProposalData ,0
1/18/2023 7:56:00 PM,US\e436851,BEGIN - RPM.DataBridge.DataLoaders.ProposalDataMVDataLoader.GetLoBs ,0
1/18/2023 7:56:03 PM,US\e436851,RPM.DataBridge.DataLoaders.ProposalDataMVDataLoader.GetLoBs ,3272
1/18/2023 7:56:03 PM,US\e436851,BEGIN - RPM.DataBridge.DataLoaders.ProposalDataMVDataLoader.GetContractTypes ,0
1/18/2023 7:56:03 PM,US\e436851,RPM.DataBridge.DataLoaders.ProposalDataMVDataLoader.GetContractTypes ,77
1/18/2023 7:56:03 PM,US\e436851,BEGIN - RPM.DataBridge.DataLoaders.ProposalDataMVDataLoader.GetProgramAreas ,0
1/18/2023 7:56:04 PM,US\e436851,RPM.DataBridge.DataLoaders.ProposalDataMVDataLoader.GetProgramAreas ,152
1/18/2023 7:56:04 PM,US\e436851,BEGIN - RPM.DataBridge.DataLoaders.ProposalDataMVDataLoader.GetProposalModelView ,0
1/18/2023 7:56:04 PM,US\e436851,RPM.DataBridge.DataLoaders.ProposalDataMVDataLoader.GetProposalModelView ,133
1/18/2023 7:56:04 PM,US\e436851,RPM.Web.Controllers.HomeController.RetrieveProposalData ,4233
1/18/2023 7:56:14 PM,US\e436851,BEGIN - RPM.Web.Controllers.HomeController.RetrieveProposalData ,0
1/18/2023 7:56:14 PM,US\e436851,BEGIN - RPM.DataBridge.DataLoaders.ProposalDataMVDataLoader.GetLoBs ,0
1/18/2023 7:56:14 PM,US\e436851,RPM.DataBridge.DataLoaders.ProposalDataMVDataLoader.GetLoBs ,72
1/18/2023 7:56:14 PM,US\e436851,BEGIN - RPM.DataBridge.DataLoaders.ProposalDataMVDataLoader.GetContractTypes ,0
1/18/2023 7:56:14 PM,US\e436851,RPM.DataBridge.DataLoaders.ProposalDataMVDataLoader.GetContractTypes ,65
1/18/2023 7:56:14 PM,US\e436851,BEGIN - RPM.DataBridge.DataLoaders.ProposalDataMVDataLoader.GetProgramAreas ,0
1/18/2023 7:56:15 PM,US\e436851,RPM.DataBridge.DataLoaders.ProposalDataMVDataLoader.GetProgramAreas ,64
1/18/2023 7:56:15 PM,US\e436851,BEGIN - RPM.DataBridge.DataLoaders.ProposalDataMVDataLoader.GetProposalModelView ,0
1/18/2023 7:56:15 PM,US\e436851,RPM.DataBridge.DataLoaders.ProposalDataMVDataLoader.GetProposalModelView ,103
1/18/2023 7:56:15 PM,US\e436851,RPM.Web.Controllers.HomeController.RetrieveProposalData ,307
1/19/2023 2:38:56 PM,US\e436851,BEGIN - RPM.Web.Controllers.HomeController.RetrieveProposalData ,0
1/19/2023 2:38:56 PM,US\e436851,BEGIN - RPM.DataBridge.DataLoaders.ProposalDataMVDataLoader.GetLoBs ,0
1/19/2023 2:39:00 PM,US\e436851,RPM.DataBridge.DataLoaders.ProposalDataMVDataLoader.GetLoBs ,3556
1/19/2023 2:39:00 PM,US\e436851,BEGIN - RPM.DataBridge.DataLoaders.ProposalDataMVDataLoader.GetContractTypes ,0
1/19/2023 2:39:00 PM,US\e436851,RPM.DataBridge.DataLoaders.ProposalDataMVDataLoader.GetContractTypes ,66
1/19/2023 2:39:00 PM,US\e436851,BEGIN - RPM.DataBridge.DataLoaders.ProposalDataMVDataLoader.GetProgramAreas ,0
1/19/2023 2:39:00 PM,US\e436851,RPM.DataBridge.DataLoaders.ProposalDataMVDataLoader.GetProgramAreas ,241
1/19/2023 2:39:00 PM,US\e436851,BEGIN - RPM.DataBridge.DataLoaders.ProposalDataMVDataLoader.GetProposalModelView ,0
1/19/2023 2:39:00 PM,US\e436851,RPM.DataBridge.DataLoaders.ProposalDataMVDataLoader.GetProposalModelView ,138
1/19/2023 2:39:00 PM,US\e436851,RPM.Web.Controllers.HomeController.RetrieveProposalData ,4465
1/19/2023 2:39:34 PM,US\e436851,BEGIN - RPM.Web.Controllers.HomeController.RetrieveProposalData ,0
1/19/2023 2:39:34 PM,US\e436851,BEGIN - RPM.DataBridge.DataLoaders.ProposalDataMVDataLoader.GetLoBs ,0
1/19/2023 2:39:37 PM,US\e436851,RPM.DataBridge.DataLoaders.ProposalDataMVDataLoader.GetLoBs ,2967
1/19/2023 2:39:37 PM,US\e436851,BEGIN - RPM.DataBridge.DataLoaders.ProposalDataMVDataLoader.GetContractTypes ,0
1/19/2023 2:39:37 PM,US\e436851,RPM.DataBridge.DataLoaders.ProposalDataMVDataLoader.GetContractTypes ,69
1/19/2023 2:39:37 PM,US\e436851,BEGIN - RPM.DataBridge.DataLoaders.ProposalDataMVDataLoader.GetProgramAreas ,0
1/19/2023 2:39:37 PM,US\e436851,RPM.DataBridge.DataLoaders.ProposalDataMVDataLoader.GetProgramAreas ,138
1/19/2023 2:39:37 PM,US\e436851,BEGIN - RPM.DataBridge.DataLoaders.ProposalDataMVDataLoader.GetProposalModelView ,0
1/19/2023 2:39:38 PM,US\e436851,RPM.DataBridge.DataLoaders.ProposalDataMVDataLoader.GetProposalModelView ,144
1/19/2023 2:39:38 PM,US\e436851,RPM.Web.Controllers.HomeController.RetrieveProposalData ,3759
1/19/2023 2:39:54 PM,US\e436851,BEGIN - RPM.Web.Controllers.HomeController.RetrieveProposalData ,0
1/19/2023 2:39:54 PM,US\e436851,BEGIN - RPM.DataBridge.DataLoaders.ProposalDataMVDataLoader.GetLoBs ,0
1/19/2023 2:39:57 PM,US\e436851,BEGIN - RPM.Web.Controllers.HomeController.RetrieveProposalData ,0
1/19/2023 2:39:57 PM,US\e436851,BEGIN - RPM.DataBridge.DataLoaders.ProposalDataMVDataLoader.GetLoBs ,0
1/19/2023 2:39:57 PM,US\e436851,RPM.DataBridge.DataLoaders.ProposalDataMVDataLoader.GetLoBs ,3171
1/19/2023 2:39:57 PM,US\e436851,BEGIN - RPM.DataBridge.DataLoaders.ProposalDataMVDataLoader.GetContractTypes ,0
1/19/2023 2:39:57 PM,US\e436851,RPM.DataBridge.DataLoaders.ProposalDataMVDataLoader.GetContractTypes ,61
1/19/2023 2:39:57 PM,US\e436851,BEGIN - RPM.DataBridge.DataLoaders.ProposalDataMVDataLoader.GetProgramAreas ,0
1/19/2023 2:39:58 PM,US\e436851,RPM.DataBridge.DataLoaders.ProposalDataMVDataLoader.GetProgramAreas ,160
1/19/2023 2:39:58 PM,US\e436851,BEGIN - RPM.DataBridge.DataLoaders.ProposalDataMVDataLoader.GetProposalModelView ,0
1/19/2023 2:39:58 PM,US\e436851,RPM.DataBridge.DataLoaders.ProposalDataMVDataLoader.GetLoBs ,639
1/19/2023 2:39:58 PM,US\e436851,BEGIN - RPM.DataBridge.DataLoaders.ProposalDataMVDataLoader.GetContractTypes ,0
1/19/2023 2:39:58 PM,US\e436851,RPM.DataBridge.DataLoaders.ProposalDataMVDataLoader.GetContractTypes ,67
1/19/2023 2:39:58 PM,US\e436851,BEGIN - RPM.DataBridge.DataLoaders.ProposalDataMVDataLoader.GetProgramAreas ,0
1/19/2023 2:39:58 PM,US\e436851,RPM.DataBridge.DataLoaders.ProposalDataMVDataLoader.GetProgramAreas ,67
1/19/2023 2:39:58 PM,US\e436851,BEGIN - RPM.DataBridge.DataLoaders.ProposalDataMVDataLoader.GetProposalModelView ,0
1/19/2023 2:39:58 PM,US\e436851,RPM.DataBridge.DataLoaders.ProposalDataMVDataLoader.GetProposalModelView ,137
1/19/2023 2:39:58 PM,US\e436851,RPM.Web.Controllers.HomeController.RetrieveProposalData ,3983
1/19/2023 2:39:58 PM,US\e436851,RPM.DataBridge.DataLoaders.ProposalDataMVDataLoader.GetProposalModelView ,89
1/19/2023 2:39:58 PM,US\e436851,RPM.Web.Controllers.HomeController.RetrieveProposalData ,866
1/19/2023 2:40:21 PM,US\e436851,BEGIN - RPM.Web.Controllers.HomeController.RetrieveProposalData ,0
1/19/2023 2:40:21 PM,US\e436851,BEGIN - RPM.DataBridge.DataLoaders.ProposalDataMVDataLoader.GetLoBs ,0
1/19/2023 2:40:24 PM,US\e436851,BEGIN - RPM.Web.Controllers.HomeController.RetrieveProposalData ,0
1/19/2023 2:40:24 PM,US\e436851,BEGIN - RPM.DataBridge.DataLoaders.ProposalDataMVDataLoader.GetLoBs ,0
1/19/2023 2:40:24 PM,US\e436851,RPM.DataBridge.DataLoaders.ProposalDataMVDataLoader.GetLoBs ,3138
1/19/2023 2:40:24 PM,US\e436851,BEGIN - RPM.DataBridge.DataLoaders.ProposalDataMVDataLoader.GetContractTypes ,0
1/19/2023 2:40:24 PM,US\e436851,RPM.DataBridge.DataLoaders.ProposalDataMVDataLoader.GetContractTypes ,60
1/19/2023 2:40:24 PM,US\e436851,BEGIN - RPM.DataBridge.DataLoaders.ProposalDataMVDataLoader.GetProgramAreas ,0
1/19/2023 2:40:25 PM,US\e436851,RPM.DataBridge.DataLoaders.ProposalDataMVDataLoader.GetProgramAreas ,140
1/19/2023 2:40:25 PM,US\e436851,BEGIN - RPM.DataBridge.DataLoaders.ProposalDataMVDataLoader.GetProposalModelView ,0
1/19/2023 2:40:25 PM,US\e436851,RPM.DataBridge.DataLoaders.ProposalDataMVDataLoader.GetLoBs ,632
1/19/2023 2:40:25 PM,US\e436851,BEGIN - RPM.DataBridge.DataLoaders.ProposalDataMVDataLoader.GetContractTypes ,0
1/19/2023 2:40:25 PM,US\e436851,RPM.DataBridge.DataLoaders.ProposalDataMVDataLoader.GetContractTypes ,63
1/19/2023 2:40:25 PM,US\e436851,BEGIN - RPM.DataBridge.DataLoaders.ProposalDataMVDataLoader.GetProgramAreas ,0
1/19/2023 2:40:25 PM,US\e436851,RPM.DataBridge.DataLoaders.ProposalDataMVDataLoader.GetProgramAreas ,69
1/19/2023 2:40:25 PM,US\e436851,BEGIN - RPM.DataBridge.DataLoaders.ProposalDataMVDataLoader.GetProposalModelView ,0
1/19/2023 2:40:25 PM,US\e436851,RPM.DataBridge.DataLoaders.ProposalDataMVDataLoader.GetProposalModelView ,151
1/19/2023 2:40:25 PM,US\e436851,RPM.Web.Controllers.HomeController.RetrieveProposalData ,3945
1/19/2023 2:40:25 PM,US\e436851,RPM.DataBridge.DataLoaders.ProposalDataMVDataLoader.GetProposalModelView ,105
1/19/2023 2:40:25 PM,US\e436851,RPM.Web.Controllers.HomeController.RetrieveProposalData ,888
1/19/2023 2:40:58 PM,US\e436851,BEGIN - RPM.Web.Controllers.HomeController.RetrieveProposalData ,0
1/19/2023 2:40:58 PM,US\e436851,BEGIN - RPM.DataBridge.DataLoaders.ProposalDataMVDataLoader.GetLoBs ,0
1/19/2023 2:41:00 PM,US\e436851,BEGIN - RPM.Web.Controllers.HomeController.RetrieveProposalData ,0
1/19/2023 2:41:00 PM,US\e436851,BEGIN - RPM.DataBridge.DataLoaders.ProposalDataMVDataLoader.GetLoBs ,0
1/19/2023 2:41:03 PM,US\e436851,RPM.DataBridge.DataLoaders.ProposalDataMVDataLoader.GetLoBs ,5115
1/19/2023 2:41:03 PM,US\e436851,BEGIN - RPM.DataBridge.DataLoaders.ProposalDataMVDataLoader.GetContractTypes ,0
1/19/2023 2:41:03 PM,US\e436851,RPM.DataBridge.DataLoaders.ProposalDataMVDataLoader.GetLoBs ,2644
1/19/2023 2:41:03 PM,US\e436851,BEGIN - RPM.DataBridge.DataLoaders.ProposalDataMVDataLoader.GetContractTypes ,0
1/19/2023 2:41:03 PM,US\e436851,RPM.DataBridge.DataLoaders.ProposalDataMVDataLoader.GetContractTypes ,69
1/19/2023 2:41:03 PM,US\e436851,BEGIN - RPM.DataBridge.DataLoaders.ProposalDataMVDataLoader.GetProgramAreas ,0
1/19/2023 2:41:03 PM,US\e436851,RPM.DataBridge.DataLoaders.ProposalDataMVDataLoader.GetContractTypes ,74
1/19/2023 2:41:03 PM,US\e436851,BEGIN - RPM.DataBridge.DataLoaders.ProposalDataMVDataLoader.GetProgramAreas ,0
1/19/2023 2:41:03 PM,US\e436851,RPM.DataBridge.DataLoaders.ProposalDataMVDataLoader.GetProgramAreas ,153
1/19/2023 2:41:03 PM,US\e436851,BEGIN - RPM.DataBridge.DataLoaders.ProposalDataMVDataLoader.GetProposalModelView ,0
1/19/2023 2:41:03 PM,US\e436851,RPM.DataBridge.DataLoaders.ProposalDataMVDataLoader.GetProgramAreas ,148
1/19/2023 2:41:03 PM,US\e436851,BEGIN - RPM.DataBridge.DataLoaders.ProposalDataMVDataLoader.GetProposalModelView ,0
1/19/2023 2:41:03 PM,US\e436851,RPM.DataBridge.DataLoaders.ProposalDataMVDataLoader.GetProposalModelView ,179
1/19/2023 2:41:03 PM,US\e436851,RPM.DataBridge.DataLoaders.ProposalDataMVDataLoader.GetProposalModelView ,178
1/19/2023 2:41:03 PM,US\e436851,RPM.Web.Controllers.HomeController.RetrieveProposalData ,3046
1/19/2023 2:41:03 PM,US\e436851,RPM.Web.Controllers.HomeController.RetrieveProposalData ,6692
1/19/2023 3:01:55 PM,US\e436851,BEGIN - RPM.Web.Controllers.HomeController.RetrieveProposalData ,0
1/19/2023 3:01:55 PM,US\e436851,BEGIN - RPM.DataBridge.DataLoaders.ProposalDataMVDataLoader.GetLoBs ,0
1/19/2023 3:02:16 PM,US\e436851,BEGIN - RPM.Web.Controllers.HomeController.RetrieveProposalData ,0
1/19/2023 3:02:16 PM,US\e436851,BEGIN - RPM.DataBridge.DataLoaders.ProposalDataMVDataLoader.GetLoBs ,0
1/19/2023 3:02:20 PM,US\e436851,RPM.DataBridge.DataLoaders.ProposalDataMVDataLoader.GetLoBs ,4244
1/19/2023 3:02:20 PM,US\e436851,BEGIN - RPM.DataBridge.DataLoaders.ProposalDataMVDataLoader.GetContractTypes ,0
1/19/2023 3:02:20 PM,US\e436851,RPM.DataBridge.DataLoaders.ProposalDataMVDataLoader.GetContractTypes ,65
1/19/2023 3:02:20 PM,US\e436851,BEGIN - RPM.DataBridge.DataLoaders.ProposalDataMVDataLoader.GetProgramAreas ,0
1/19/2023 3:02:21 PM,US\e436851,RPM.DataBridge.DataLoaders.ProposalDataMVDataLoader.GetProgramAreas ,290
1/19/2023 3:02:21 PM,US\e436851,BEGIN - RPM.DataBridge.DataLoaders.ProposalDataMVDataLoader.GetProposalModelView ,0
1/19/2023 3:02:21 PM,US\e436851,RPM.DataBridge.DataLoaders.ProposalDataMVDataLoader.GetProposalModelView ,155
1/19/2023 3:02:21 PM,US\e436851,RPM.Web.Controllers.HomeController.RetrieveProposalData ,5212
1/19/2023 3:02:45 PM,US\e436851,BEGIN - RPM.Web.Controllers.HomeController.RetrieveProposalData ,0
1/19/2023 3:02:45 PM,US\e436851,BEGIN - RPM.DataBridge.DataLoaders.ProposalDataMVDataLoader.GetLoBs ,0
1/19/2023 3:02:48 PM,US\e436851,RPM.DataBridge.DataLoaders.ProposalDataMVDataLoader.GetLoBs ,2997
1/19/2023 3:02:48 PM,US\e436851,BEGIN - RPM.DataBridge.DataLoaders.ProposalDataMVDataLoader.GetContractTypes ,0
1/19/2023 3:02:48 PM,US\e436851,RPM.DataBridge.DataLoaders.ProposalDataMVDataLoader.GetContractTypes ,62
1/19/2023 3:02:48 PM,US\e436851,BEGIN - RPM.DataBridge.DataLoaders.ProposalDataMVDataLoader.GetProgramAreas ,0
1/19/2023 3:02:48 PM,US\e436851,RPM.DataBridge.DataLoaders.ProposalDataMVDataLoader.GetProgramAreas ,146
1/19/2023 3:02:48 PM,US\e436851,BEGIN - RPM.DataBridge.DataLoaders.ProposalDataMVDataLoader.GetProposalModelView ,0
1/19/2023 3:02:48 PM,US\e436851,RPM.DataBridge.DataLoaders.ProposalDataMVDataLoader.GetProposalModelView ,179
1/19/2023 3:02:48 PM,US\e436851,RPM.Web.Controllers.HomeController.RetrieveProposalData ,3845
1/19/2023 3:03:13 PM,US\e436851,BEGIN - RPM.Web.Controllers.HomeController.RetrieveProposalData ,0
1/19/2023 3:03:13 PM,US\e436851,BEGIN - RPM.DataBridge.DataLoaders.ProposalDataMVDataLoader.GetLoBs ,0
1/19/2023 3:03:17 PM,US\e436851,RPM.DataBridge.DataLoaders.ProposalDataMVDataLoader.GetLoBs ,3214
1/19/2023 3:03:17 PM,US\e436851,BEGIN - RPM.DataBridge.DataLoaders.ProposalDataMVDataLoader.GetContractTypes ,0
1/19/2023 3:03:17 PM,US\e436851,RPM.DataBridge.DataLoaders.ProposalDataMVDataLoader.GetContractTypes ,64
1/19/2023 3:03:17 PM,US\e436851,BEGIN - RPM.DataBridge.DataLoaders.ProposalDataMVDataLoader.GetProgramAreas ,0
1/19/2023 3:03:17 PM,US\e436851,RPM.DataBridge.DataLoaders.ProposalDataMVDataLoader.GetProgramAreas ,154
1/19/2023 3:03:17 PM,US\e436851,BEGIN - RPM.DataBridge.DataLoaders.ProposalDataMVDataLoader.GetProposalModelView ,0
1/19/2023 3:03:17 PM,US\e436851,RPM.DataBridge.DataLoaders.ProposalDataMVDataLoader.GetProposalModelView ,145
1/19/2023 3:03:17 PM,US\e436851,RPM.Web.Controllers.HomeController.RetrieveProposalData ,4029
1/19/2023 3:03:31 PM,US\e436851,BEGIN - RPM.Web.Controllers.HomeController.RetrieveProposalData ,0
1/19/2023 3:03:31 PM,US\e436851,BEGIN - RPM.DataBridge.DataLoaders.ProposalDataMVDataLoader.GetLoBs ,0
1/19/2023 3:03:46 PM,US\e436851,BEGIN - RPM.Web.Controllers.HomeController.RetrieveProposalData ,0
1/19/2023 3:03:47 PM,US\e436851,BEGIN - RPM.DataBridge.DataLoaders.ProposalDataMVDataLoader.GetLoBs ,0
1/19/2023 3:03:50 PM,US\e436851,RPM.DataBridge.DataLoaders.ProposalDataMVDataLoader.GetLoBs ,3172
1/19/2023 3:03:50 PM,US\e436851,BEGIN - RPM.DataBridge.DataLoaders.ProposalDataMVDataLoader.GetContractTypes ,0
1/19/2023 3:03:50 PM,US\e436851,RPM.DataBridge.DataLoaders.ProposalDataMVDataLoader.GetContractTypes ,61
1/19/2023 3:03:50 PM,US\e436851,BEGIN - RPM.DataBridge.DataLoaders.ProposalDataMVDataLoader.GetProgramAreas ,0
1/19/2023 3:03:50 PM,US\e436851,RPM.DataBridge.DataLoaders.ProposalDataMVDataLoader.GetProgramAreas ,142
1/19/2023 3:03:50 PM,US\e436851,BEGIN - RPM.DataBridge.DataLoaders.ProposalDataMVDataLoader.GetProposalModelView ,0
1/19/2023 3:03:50 PM,US\e436851,RPM.DataBridge.DataLoaders.ProposalDataMVDataLoader.GetProposalModelView ,146
1/19/2023 3:03:50 PM,US\e436851,RPM.Web.Controllers.HomeController.RetrieveProposalData ,4007
1/19/2023 3:04:06 PM,US\e436851,BEGIN - RPM.Web.Controllers.HomeController.RetrieveProposalData ,0
1/19/2023 3:04:07 PM,US\e436851,BEGIN - RPM.DataBridge.DataLoaders.ProposalDataMVDataLoader.GetLoBs ,0
1/19/2023 3:04:37 PM,US\e436851,BEGIN - RPM.Web.Controllers.HomeController.RetrieveProposalData ,0
1/19/2023 3:04:38 PM,US\e436851,BEGIN - RPM.DataBridge.DataLoaders.ProposalDataMVDataLoader.GetLoBs ,0
1/19/2023 3:04:41 PM,US\e436851,RPM.DataBridge.DataLoaders.ProposalDataMVDataLoader.GetLoBs ,3485
1/19/2023 3:04:41 PM,US\e436851,BEGIN - RPM.DataBridge.DataLoaders.ProposalDataMVDataLoader.GetContractTypes ,0
1/19/2023 3:04:41 PM,US\e436851,RPM.DataBridge.DataLoaders.ProposalDataMVDataLoader.GetContractTypes ,70
1/19/2023 3:04:41 PM,US\e436851,BEGIN - RPM.DataBridge.DataLoaders.ProposalDataMVDataLoader.GetProgramAreas ,0
1/19/2023 3:04:41 PM,US\e436851,RPM.DataBridge.DataLoaders.ProposalDataMVDataLoader.GetProgramAreas ,156
1/19/2023 3:04:41 PM,US\e436851,BEGIN - RPM.DataBridge.DataLoaders.ProposalDataMVDataLoader.GetProposalModelView ,0
1/19/2023 3:04:41 PM,US\e436851,RPM.DataBridge.DataLoaders.ProposalDataMVDataLoader.GetProposalModelView ,154
1/19/2023 3:04:41 PM,US\e436851,RPM.Web.Controllers.HomeController.RetrieveProposalData ,4310
1/19/2023 3:04:57 PM,US\e436851,BEGIN - RPM.Web.Controllers.HomeController.RetrieveProposalData ,0
1/19/2023 3:04:57 PM,US\e436851,BEGIN - RPM.DataBridge.DataLoaders.ProposalDataMVDataLoader.GetLoBs ,0
1/19/2023 3:05:00 PM,US\e436851,RPM.DataBridge.DataLoaders.ProposalDataMVDataLoader.GetLoBs ,3213
1/19/2023 3:05:00 PM,US\e436851,BEGIN - RPM.DataBridge.DataLoaders.ProposalDataMVDataLoader.GetContractTypes ,0
1/19/2023 3:05:00 PM,US\e436851,RPM.DataBridge.DataLoaders.ProposalDataMVDataLoader.GetContractTypes ,70
1/19/2023 3:05:00 PM,US\e436851,BEGIN - RPM.DataBridge.DataLoaders.ProposalDataMVDataLoader.GetProgramAreas ,0
1/19/2023 3:05:00 PM,US\e436851,RPM.DataBridge.DataLoaders.ProposalDataMVDataLoader.GetProgramAreas ,162
1/19/2023 3:05:00 PM,US\e436851,BEGIN - RPM.DataBridge.DataLoaders.ProposalDataMVDataLoader.GetProposalModelView ,0
1/19/2023 3:05:01 PM,US\e436851,RPM.DataBridge.DataLoaders.ProposalDataMVDataLoader.GetProposalModelView ,153
1/19/2023 3:05:01 PM,US\e436851,RPM.Web.Controllers.HomeController.RetrieveProposalData ,4057
1/19/2023 3:05:27 PM,US\e436851,BEGIN - RPM.Web.Controllers.HomeController.RetrieveProposalData ,0
1/19/2023 3:05:27 PM,US\e436851,BEGIN - RPM.DataBridge.DataLoaders.ProposalDataMVDataLoader.GetLoBs ,0
1/19/2023 3:05:30 PM,US\e436851,RPM.DataBridge.DataLoaders.ProposalDataMVDataLoader.GetLoBs ,3227
1/19/2023 3:05:30 PM,US\e436851,BEGIN - RPM.DataBridge.DataLoaders.ProposalDataMVDataLoader.GetContractTypes ,0
1/19/2023 3:05:30 PM,US\e436851,RPM.DataBridge.DataLoaders.ProposalDataMVDataLoader.GetContractTypes ,71
1/19/2023 3:05:30 PM,US\e436851,BEGIN - RPM.DataBridge.DataLoaders.ProposalDataMVDataLoader.GetProgramAreas ,0
1/19/2023 3:05:30 PM,US\e436851,RPM.DataBridge.DataLoaders.ProposalDataMVDataLoader.GetProgramAreas ,160
1/19/2023 3:05:30 PM,US\e436851,BEGIN - RPM.DataBridge.DataLoaders.ProposalDataMVDataLoader.GetProposalModelView ,0
1/19/2023 3:05:30 PM,US\e436851,RPM.DataBridge.DataLoaders.ProposalDataMVDataLoader.GetProposalModelView ,146
1/19/2023 3:05:30 PM,US\e436851,RPM.Web.Controllers.HomeController.RetrieveProposalData ,4056
1/19/2023 3:06:03 PM,US\e436851,BEGIN - RPM.Web.Controllers.HomeController.RetrieveProposalData ,0
1/19/2023 3:06:03 PM,US\e436851,BEGIN - RPM.DataBridge.DataLoaders.ProposalDataMVDataLoader.GetLoBs ,0
1/19/2023 3:06:06 PM,US\e436851,RPM.DataBridge.DataLoaders.ProposalDataMVDataLoader.GetLoBs ,3112
1/19/2023 3:06:06 PM,US\e436851,BEGIN - RPM.DataBridge.DataLoaders.ProposalDataMVDataLoader.GetContractTypes ,0
1/19/2023 3:06:06 PM,US\e436851,RPM.DataBridge.DataLoaders.ProposalDataMVDataLoader.GetContractTypes ,65
1/19/2023 3:06:06 PM,US\e436851,BEGIN - RPM.DataBridge.DataLoaders.ProposalDataMVDataLoader.GetProgramAreas ,0
1/19/2023 3:06:06 PM,US\e436851,RPM.DataBridge.DataLoaders.ProposalDataMVDataLoader.GetProgramAreas ,144
1/19/2023 3:06:06 PM,US\e436851,BEGIN - RPM.DataBridge.DataLoaders.ProposalDataMVDataLoader.GetProposalModelView ,0
1/19/2023 3:06:06 PM,US\e436851,RPM.DataBridge.DataLoaders.ProposalDataMVDataLoader.GetProposalModelView ,137
1/19/2023 3:06:06 PM,US\e436851,RPM.Web.Controllers.HomeController.RetrieveProposalData ,3920
1/19/2023 3:06:33 PM,US\e436851,BEGIN - RPM.Web.Controllers.HomeController.RetrieveProposalData ,0
1/19/2023 3:06:33 PM,US\e436851,BEGIN - RPM.DataBridge.DataLoaders.ProposalDataMVDataLoader.GetLoBs ,0
1/19/2023 3:06:36 PM,US\e436851,RPM.DataBridge.DataLoaders.ProposalDataMVDataLoader.GetLoBs ,3486
1/19/2023 3:06:36 PM,US\e436851,BEGIN - RPM.DataBridge.DataLoaders.ProposalDataMVDataLoader.GetContractTypes ,0
1/19/2023 3:06:36 PM,US\e436851,RPM.DataBridge.DataLoaders.ProposalDataMVDataLoader.GetContractTypes ,88
1/19/2023 3:06:36 PM,US\e436851,BEGIN - RPM.DataBridge.DataLoaders.ProposalDataMVDataLoader.GetProgramAreas ,0
1/19/2023 3:06:37 PM,US\e436851,RPM.DataBridge.DataLoaders.ProposalDataMVDataLoader.GetProgramAreas ,207
1/19/2023 3:06:37 PM,US\e436851,BEGIN - RPM.DataBridge.DataLoaders.ProposalDataMVDataLoader.GetProposalModelView ,0
1/19/2023 3:06:37 PM,US\e436851,RPM.DataBridge.DataLoaders.ProposalDataMVDataLoader.GetProposalModelView ,141
1/19/2023 3:06:37 PM,US\e436851,RPM.Web.Controllers.HomeController.RetrieveProposalData ,4390
1/19/2023 3:06:58 PM,US\e436851,BEGIN - RPM.Web.Controllers.HomeController.RetrieveProposalData ,0
1/19/2023 3:06:58 PM,US\e436851,BEGIN - RPM.DataBridge.DataLoaders.ProposalDataMVDataLoader.GetLoBs ,0
1/19/2023 3:07:01 PM,US\e436851,RPM.DataBridge.DataLoaders.ProposalDataMVDataLoader.GetLoBs ,3107
1/19/2023 3:07:01 PM,US\e436851,BEGIN - RPM.DataBridge.DataLoaders.ProposalDataMVDataLoader.GetContractTypes ,0
1/19/2023 3:07:02 PM,US\e436851,RPM.DataBridge.DataLoaders.ProposalDataMVDataLoader.GetContractTypes ,68
1/19/2023 3:07:02 PM,US\e436851,BEGIN - RPM.DataBridge.DataLoaders.ProposalDataMVDataLoader.GetProgramAreas ,0
1/19/2023 3:07:02 PM,US\e436851,RPM.DataBridge.DataLoaders.ProposalDataMVDataLoader.GetProgramAreas ,163
1/19/2023 3:07:02 PM,US\e436851,BEGIN - RPM.DataBridge.DataLoaders.ProposalDataMVDataLoader.GetProposalModelView ,0
1/19/2023 3:07:02 PM,US\e436851,RPM.DataBridge.DataLoaders.ProposalDataMVDataLoader.GetProposalModelView ,140
1/19/2023 3:07:02 PM,US\e436851,RPM.Web.Controllers.HomeController.RetrieveProposalData ,3943
1/19/2023 3:07:19 PM,US\e436851,BEGIN - RPM.Web.Controllers.HomeController.RetrieveProposalData ,0
1/19/2023 3:07:19 PM,US\e436851,BEGIN - RPM.DataBridge.DataLoaders.ProposalDataMVDataLoader.GetLoBs ,0
1/19/2023 3:07:36 PM,US\e436851,BEGIN - RPM.Web.Controllers.HomeController.RetrieveProposalData ,0
1/19/2023 3:07:36 PM,US\e436851,BEGIN - RPM.DataBridge.DataLoaders.ProposalDataMVDataLoader.GetLoBs ,0
1/19/2023 3:07:39 PM,US\e436851,RPM.DataBridge.DataLoaders.ProposalDataMVDataLoader.GetLoBs ,3088
1/19/2023 3:07:39 PM,US\e436851,BEGIN - RPM.DataBridge.DataLoaders.ProposalDataMVDataLoader.GetContractTypes ,0
1/19/2023 3:07:39 PM,US\e436851,RPM.DataBridge.DataLoaders.ProposalDataMVDataLoader.GetContractTypes ,64
1/19/2023 3:07:39 PM,US\e436851,BEGIN - RPM.DataBridge.DataLoaders.ProposalDataMVDataLoader.GetProgramAreas ,0
1/19/2023 3:07:40 PM,US\e436851,RPM.DataBridge.DataLoaders.ProposalDataMVDataLoader.GetProgramAreas ,158
1/19/2023 3:07:40 PM,US\e436851,BEGIN - RPM.DataBridge.DataLoaders.ProposalDataMVDataLoader.GetProposalModelView ,0
1/19/2023 3:07:40 PM,US\e436851,RPM.DataBridge.DataLoaders.ProposalDataMVDataLoader.GetProposalModelView ,145
1/19/2023 3:07:40 PM,US\e436851,RPM.Web.Controllers.HomeController.RetrieveProposalData ,3916
1/19/2023 3:08:08 PM,US\e436851,BEGIN - RPM.Web.Controllers.HomeController.RetrieveProposalData ,0
1/19/2023 3:08:08 PM,US\e436851,BEGIN - RPM.DataBridge.DataLoaders.ProposalDataMVDataLoader.GetLoBs ,0
1/19/2023 3:08:12 PM,US\e436851,RPM.DataBridge.DataLoaders.ProposalDataMVDataLoader.GetLoBs ,3152
1/19/2023 3:08:12 PM,US\e436851,BEGIN - RPM.DataBridge.DataLoaders.ProposalDataMVDataLoader.GetContractTypes ,0
1/19/2023 3:08:12 PM,US\e436851,RPM.DataBridge.DataLoaders.ProposalDataMVDataLoader.GetContractTypes ,66
1/19/2023 3:08:12 PM,US\e436851,BEGIN - RPM.DataBridge.DataLoaders.ProposalDataMVDataLoader.GetProgramAreas ,0
1/19/2023 3:08:12 PM,US\e436851,RPM.DataBridge.DataLoaders.ProposalDataMVDataLoader.GetProgramAreas ,146
1/19/2023 3:08:12 PM,US\e436851,BEGIN - RPM.DataBridge.DataLoaders.ProposalDataMVDataLoader.GetProposalModelView ,0
1/19/2023 3:08:12 PM,US\e436851,RPM.DataBridge.DataLoaders.ProposalDataMVDataLoader.GetProposalModelView ,138
1/19/2023 3:08:12 PM,US\e436851,RPM.Web.Controllers.HomeController.RetrieveProposalData ,4018
1/19/2023 3:09:01 PM,US\e436851,BEGIN - RPM.Web.Controllers.HomeController.RetrieveProposalData ,0
1/19/2023 3:09:02 PM,US\e436851,BEGIN - RPM.DataBridge.DataLoaders.ProposalDataMVDataLoader.GetLoBs ,0
1/19/2023 3:10:38 PM,US\e436851,BEGIN - RPM.Web.Controllers.HomeController.RetrieveProposalData ,0
1/19/2023 3:10:38 PM,US\e436851,BEGIN - RPM.DataBridge.DataLoaders.ProposalDataMVDataLoader.GetLoBs ,0
1/19/2023 3:10:40 PM,US\e436851,RPM.DataBridge.DataLoaders.ProposalDataMVDataLoader.GetLoBs ,2281
1/19/2023 3:10:40 PM,US\e436851,BEGIN - RPM.DataBridge.DataLoaders.ProposalDataMVDataLoader.GetContractTypes ,0
1/19/2023 3:10:40 PM,US\e436851,RPM.DataBridge.DataLoaders.ProposalDataMVDataLoader.GetContractTypes ,92
1/19/2023 3:10:40 PM,US\e436851,BEGIN - RPM.DataBridge.DataLoaders.ProposalDataMVDataLoader.GetProgramAreas ,0
1/19/2023 3:10:40 PM,US\e436851,RPM.DataBridge.DataLoaders.ProposalDataMVDataLoader.GetProgramAreas ,148
1/19/2023 3:10:40 PM,US\e436851,BEGIN - RPM.DataBridge.DataLoaders.ProposalDataMVDataLoader.GetProposalModelView ,0
1/19/2023 3:10:41 PM,US\e436851,RPM.DataBridge.DataLoaders.ProposalDataMVDataLoader.GetProposalModelView ,142
1/19/2023 3:10:41 PM,US\e436851,RPM.Web.Controllers.HomeController.RetrieveProposalData ,2898
1/19/2023 3:16:37 PM,US\e436851,BEGIN - RPM.Web.Controllers.HomeController.RetrieveProposalData ,0
1/19/2023 3:16:37 PM,US\e436851,BEGIN - RPM.DataBridge.DataLoaders.ProposalDataMVDataLoader.GetLoBs ,0
1/19/2023 3:16:39 PM,US\e436851,RPM.DataBridge.DataLoaders.ProposalDataMVDataLoader.GetLoBs ,2360
1/19/2023 3:16:39 PM,US\e436851,BEGIN - RPM.DataBridge.DataLoaders.ProposalDataMVDataLoader.GetContractTypes ,0
1/19/2023 3:16:39 PM,US\e436851,RPM.DataBridge.DataLoaders.ProposalDataMVDataLoader.GetContractTypes ,62
1/19/2023 3:16:39 PM,US\e436851,BEGIN - RPM.DataBridge.DataLoaders.ProposalDataMVDataLoader.GetProgramAreas ,0
1/19/2023 3:16:39 PM,US\e436851,RPM.DataBridge.DataLoaders.ProposalDataMVDataLoader.GetProgramAreas ,171
1/19/2023 3:16:39 PM,US\e436851,BEGIN - RPM.DataBridge.DataLoaders.ProposalDataMVDataLoader.GetProposalModelView ,0
1/19/2023 3:16:39 PM,US\e436851,RPM.DataBridge.DataLoaders.ProposalDataMVDataLoader.GetProposalModelView ,144
1/19/2023 3:16:39 PM,US\e436851,RPM.Web.Controllers.HomeController.RetrieveProposalData ,2950
1/19/2023 3:48:11 PM,US\e436851,BEGIN - RPM.Web.Controllers.HomeController.RetrieveProposalData ,0
1/19/2023 3:48:11 PM,US\e436851,BEGIN - RPM.DataBridge.DataLoaders.ProposalDataMVDataLoader.GetLoBs ,0
1/19/2023 4:04:50 PM,US\e436851,BEGIN - RPM.Web.Controllers.HomeController.RetrieveProposalData ,0
1/19/2023 4:04:50 PM,US\e436851,BEGIN - RPM.DataBridge.DataLoaders.ProposalDataMVDataLoader.GetLoBs ,0
1/19/2023 4:04:53 PM,US\e436851,RPM.DataBridge.DataLoaders.ProposalDataMVDataLoader.GetLoBs ,3060
1/19/2023 4:04:53 PM,US\e436851,BEGIN - RPM.DataBridge.DataLoaders.ProposalDataMVDataLoader.GetContractTypes ,0
1/19/2023 4:04:53 PM,US\e436851,RPM.DataBridge.DataLoaders.ProposalDataMVDataLoader.GetContractTypes ,77
1/19/2023 4:04:53 PM,US\e436851,BEGIN - RPM.DataBridge.DataLoaders.ProposalDataMVDataLoader.GetProgramAreas ,0
1/19/2023 4:04:53 PM,US\e436851,RPM.DataBridge.DataLoaders.ProposalDataMVDataLoader.GetProgramAreas ,155
1/19/2023 4:04:53 PM,US\e436851,BEGIN - RPM.DataBridge.DataLoaders.ProposalDataMVDataLoader.GetProposalModelView ,0
1/19/2023 4:04:53 PM,US\e436851,RPM.DataBridge.DataLoaders.ProposalDataMVDataLoader.GetProposalModelView ,134
1/19/2023 4:04:53 PM,US\e436851,RPM.Web.Controllers.HomeController.RetrieveProposalData ,3968
